Model,Accuracy,Precision,Recall,F1-score
Random Forest Baseline,0.9766581399598027,0.9930492595950439,0.8706942236354,0.9278554284907525
1D CNN,0.9829161337474877,0.954788657035848,0.9456809750927399,0.9502129925452609
